                  epoch,         train/box_loss,         train/cls_loss,         train/dfl_loss,   metrics/precision(B),      metrics/recall(B),       metrics/mAP50(B),    metrics/mAP50-95(B),           val/box_loss,           val/cls_loss,           val/dfl_loss,                 lr/pg0,                 lr/pg1,                 lr/pg2
                      0,                 5.2068,                 3.9163,                 4.4568,                0.00174,                0.05263,                0.00116,                0.00012,                 5.1774,                 4.1802,                  4.162,                0.00018,                0.00018,                0.00018
                      1,                 5.5541,                 3.7503,                 4.2274,                0.00174,                0.05263,                0.00116,                0.00012,                 5.1793,                  4.193,                 4.1652,             0.00037875,             0.00037875,             0.00037875
                      2,                 4.8093,                 3.2672,                 4.1327,                0.00347,                0.10526,                0.00265,                0.00026,                 5.1821,                 4.2056,                 4.1691,             0.00057617,             0.00057617,             0.00057617
                      3,                 4.4627,                 3.0182,                 3.7931,                0.00161,                0.05263,                0.00099,                 0.0002,                 5.1914,                 4.2149,                 4.1786,             0.00077228,             0.00077228,             0.00077228
                      4,                 3.8128,                 2.4922,                 3.5548,                0.00168,                0.05263,                0.00108,                0.00022,                 5.2188,                 4.1993,                 4.2044,             0.00096706,             0.00096706,             0.00096706
                      5,                 3.6327,                   2.38,                 3.1282,                0.00162,                0.05263,                0.00104,                0.00021,                 5.2859,                 4.2782,                 4.2725,              0.0011605,              0.0011605,              0.0011605
                      6,                 3.3077,                 2.0496,                 2.9315,                 0.0016,                0.05263,                0.00103,                0.00021,                 5.3647,                 4.3533,                 4.3339,              0.0013527,              0.0013527,              0.0013527
                      7,                 3.1364,                 1.9808,                 2.8308,                0.00278,                0.05263,                0.00162,                0.00032,                 5.2411,                 4.2012,                 4.2233,              0.0015435,              0.0015435,              0.0015435
                      8,                 3.0373,                 1.8399,                 2.6021,                0.00278,                0.05263,                0.00162,                0.00032,                 5.0765,                 4.0839,                 4.0852,               0.001733,               0.001733,               0.001733
                      9,                 2.7493,                 1.7021,                 2.4037,                0.00278,                0.05263,                0.00162,                0.00032,                 5.4034,                 4.6457,                 4.4091,              0.0019212,              0.0019212,              0.0019212
                     10,                 2.6622,                 1.6809,                 2.2855,                0.02698,                0.21053,                0.07814,                0.02582,                 4.3208,                 3.8963,                 3.8109,               0.001934,               0.001934,               0.001934
                     11,                 2.6633,                 1.6333,                 2.3061,                0.78468,                0.63158,                0.66466,                0.26967,                 2.4042,                 1.6577,                  2.234,               0.001934,               0.001934,               0.001934
                     12,                 2.5229,                 1.5408,                 2.1708,                 0.8992,                0.63158,                 0.7244,                0.25116,                 2.4267,                 1.6627,                  2.189,              0.0019274,              0.0019274,              0.0019274
                     13,                 2.6281,                 1.5372,                 2.1795,                0.86522,                0.67621,                0.70069,                0.32366,                 2.3091,                 1.4814,                 2.0788,              0.0019208,              0.0019208,              0.0019208
                     14,                 2.4327,                 1.5214,                   2.17,                0.84904,                0.57895,                0.72065,                0.22851,                 2.6481,                 2.1394,                 2.1574,              0.0019142,              0.0019142,              0.0019142
                     15,                 2.4236,                 1.4766,                 1.9827,                0.36663,                0.36573,                0.29768,                0.10025,                 3.3547,                 3.1358,                 2.6747,              0.0019076,              0.0019076,              0.0019076
                     16,                 2.3842,                 1.4546,                 2.0008,                0.81757,                0.52632,                0.67166,                0.29132,                  2.343,                 2.8169,                 2.0235,               0.001901,               0.001901,               0.001901
                     17,                 2.3932,                 1.4311,                 1.9444,                0.55604,                0.52741,                0.56771,                0.26617,                 2.1286,                 1.5777,                 2.0366,              0.0018944,              0.0018944,              0.0018944
                     18,                 2.3017,                 1.3931,                 1.9034,                0.39541,                0.57895,                0.45489,                0.19437,                 2.3966,                 2.2454,                 2.1543,              0.0018878,              0.0018878,              0.0018878
                     19,                 2.3598,                 1.4908,                 1.9772,                0.39186,                0.61086,                 0.4783,                0.17902,                 2.6923,                 1.6902,                 2.4238,              0.0018812,              0.0018812,              0.0018812
                     20,                 2.3076,                 1.4392,                 1.9104,                0.78097,                0.47368,                0.57189,                0.21118,                 2.2249,                 1.4029,                 1.9126,              0.0018746,              0.0018746,              0.0018746
                     21,                 2.2157,                 1.4216,                 1.8598,                0.77656,                0.63158,                0.72788,                0.38955,                 1.8421,                 1.3604,                 1.7242,               0.001868,               0.001868,               0.001868
                     22,                 2.1101,                 1.3214,                 1.8424,                0.67401,                0.76234,                0.72581,                0.27107,                 2.3819,                 2.0556,                 1.8907,              0.0018614,              0.0018614,              0.0018614
                     23,                 2.1207,                 1.3556,                 1.7716,                0.77966,                0.74533,                0.77399,                0.29703,                  2.272,                 1.5819,                 1.7993,              0.0018548,              0.0018548,              0.0018548
                     24,                 2.1854,                 1.3758,                 1.7916,                0.72014,                0.57895,                0.63371,                0.34831,                 1.7466,                 1.2836,                 1.6088,              0.0018482,              0.0018482,              0.0018482
                     25,                 2.0319,                 1.3322,                 1.7318,                0.42464,                0.57895,                0.46095,                0.12276,                 2.8213,                 1.7991,                 2.1707,              0.0018416,              0.0018416,              0.0018416
                     26,                  2.134,                 1.3509,                 1.7829,                0.44094,                0.52632,                0.52011,                0.16531,                 2.6486,                 1.7113,                 2.1215,               0.001835,               0.001835,               0.001835
                     27,                 2.2258,                 1.3663,                 1.7297,                0.55199,                0.63158,                 0.5843,                0.31889,                 1.9202,                 1.5532,                 1.8353,              0.0018284,              0.0018284,              0.0018284
                     28,                 2.0982,                 1.3561,                 1.7543,                0.44481,                0.10526,                0.14053,                 0.0654,                 3.1861,                 2.6095,                   2.76,              0.0018218,              0.0018218,              0.0018218
                     29,                  2.023,                 1.3073,                 1.6574,                0.86543,                0.68421,                 0.7943,                0.34469,                 2.1869,                 1.2886,                 1.7096,              0.0018152,              0.0018152,              0.0018152
                     30,                 1.9436,                   1.27,                 1.6393,                0.97129,                0.73684,                0.80203,                 0.4547,                 1.7042,                 1.1453,                 1.5359,              0.0018086,              0.0018086,              0.0018086
                     31,                 1.9805,                 1.2585,                 1.6758,                0.93503,                0.73684,                0.84147,                0.45508,                 1.6605,                 1.1428,                  1.515,               0.001802,               0.001802,               0.001802
                     32,                 1.8909,                 1.1773,                 1.6143,                 0.9222,                0.73684,                0.83638,                0.37391,                 2.1741,                 1.2603,                 1.7492,              0.0017954,              0.0017954,              0.0017954
                     33,                 1.8774,                  1.256,                 1.6305,                0.86684,                0.68528,                0.82783,                0.48819,                 1.6883,                 1.2714,                 1.5493,              0.0017888,              0.0017888,              0.0017888
                     34,                 1.8195,                 1.2103,                 1.5858,                0.99448,                0.84211,                0.87644,                0.48516,                 1.6964,                 1.1135,                 1.5066,              0.0017822,              0.0017822,              0.0017822
                     35,                 2.0036,                 1.2464,                 1.6563,                0.78559,                0.77199,                0.81434,                0.49781,                 1.6106,                 1.0673,                 1.4671,              0.0017756,              0.0017756,              0.0017756
                     36,                 1.9429,                 1.2085,                 1.5871,                0.85846,                0.78947,                0.85891,                0.46823,                 1.7707,                 1.1083,                 1.5082,               0.001769,               0.001769,               0.001769
                     37,                 1.8693,                  1.176,                 1.6062,                0.88261,                0.79153,                0.86866,                0.47356,                  1.815,                 1.0578,                 1.5143,              0.0017624,              0.0017624,              0.0017624
                     38,                 1.8141,                 1.1559,                 1.5295,                0.93303,                0.73346,                0.81596,                0.54113,                 1.4011,                 1.0394,                 1.4273,              0.0017558,              0.0017558,              0.0017558
                     39,                 1.7976,                 1.2094,                 1.5542,                0.90522,                0.73684,                0.86054,                0.53478,                 1.6049,                 1.1647,                 1.4977,              0.0017492,              0.0017492,              0.0017492
                     40,                 1.8557,                 1.1359,                 1.5326,                      1,                0.15738,                0.16482,                0.10182,                 2.8776,                 3.4049,                  2.257,              0.0017426,              0.0017426,              0.0017426
                     41,                 1.8931,                 1.2072,                 1.5925,                0.93092,                0.73684,                0.80647,                0.40703,                 1.9219,                 1.1493,                 1.5682,               0.001736,               0.001736,               0.001736
                     42,                 1.8793,                 1.2096,                 1.5442,                      1,                0.67668,                0.80857,                0.44622,                 1.6103,                0.99063,                 1.4559,              0.0017294,              0.0017294,              0.0017294
                     43,                 1.7772,                 1.1396,                 1.4949,                0.97085,                0.68421,                 0.8272,                0.44445,                  1.794,                 1.0434,                 1.5118,              0.0017228,              0.0017228,              0.0017228
                     44,                 1.8259,                 1.1376,                 1.5002,                0.93735,                0.68421,                0.82612,                0.35936,                 2.0636,                 1.1818,                  1.587,              0.0017162,              0.0017162,              0.0017162
                     45,                 1.7593,                 1.1272,                 1.4577,                0.57613,                0.15789,                0.16921,                0.09594,                 2.5947,                 2.4327,                 2.2264,              0.0017096,              0.0017096,              0.0017096
                     46,                 1.8549,                 1.2418,                 1.5764,                 0.8577,                0.73684,                0.81849,                0.52009,                 1.4945,                 1.0754,                 1.4279,               0.001703,               0.001703,               0.001703
                     47,                 1.8392,                  1.173,                 1.5542,                0.93276,                0.73055,                0.79645,                0.48571,                 1.6182,                 1.1172,                 1.4751,              0.0016964,              0.0016964,              0.0016964
                     48,                 1.7864,                 1.1412,                 1.5502,                0.97147,                0.68421,                0.83246,                0.53448,                 1.4646,                 1.0527,                 1.4236,              0.0016898,              0.0016898,              0.0016898
                     49,                 1.7542,                 1.1485,                 1.5118,                0.91078,                0.84211,                0.89233,                0.44309,                 1.7961,                 1.2781,                 1.5021,              0.0016832,              0.0016832,              0.0016832
                     50,                 1.7382,                 1.1194,                 1.4463,                0.99821,                0.84211,                0.89208,                0.37551,                  2.117,                 1.2389,                 1.6266,              0.0016766,              0.0016766,              0.0016766
                     51,                 1.7797,                 1.1041,                 1.4769,                0.88853,                0.83918,                0.89671,                0.53581,                 1.3555,                 0.9906,                 1.3813,                0.00167,                0.00167,                0.00167
                     52,                 1.7226,                 1.1549,                 1.5278,                0.94705,                0.78947,                0.90446,                0.52833,                 1.4877,                0.94588,                 1.4014,              0.0016634,              0.0016634,              0.0016634
                     53,                 1.7205,                 1.1019,                 1.4857,                      1,                0.78654,                 0.9185,                0.54763,                 1.5018,                0.88721,                 1.3449,              0.0016568,              0.0016568,              0.0016568
                     54,                 1.6057,                 1.0946,                 1.4129,                0.94777,                0.36842,                0.43584,                0.20376,                 2.6087,                 1.7814,                 1.7972,              0.0016502,              0.0016502,              0.0016502
                     55,                 1.5958,                   1.03,                 1.3766,                0.79627,                0.82345,                0.87172,                  0.486,                 1.5415,                 1.0305,                 1.3693,              0.0016436,              0.0016436,              0.0016436
                     56,                 1.6405,                 1.0444,                 1.3901,                0.97057,                0.78947,                 0.9142,                0.60064,                 1.3554,                0.87384,                 1.3194,               0.001637,               0.001637,               0.001637
                     57,                 1.6775,                 1.0198,                 1.4222,                0.99458,                0.84211,                0.91476,                0.57263,                 1.4159,                0.84131,                 1.3218,              0.0016304,              0.0016304,              0.0016304
                     58,                 1.5793,                 1.0248,                 1.3868,                0.89336,                0.88238,                0.91775,                0.63944,                 1.2403,                 0.8027,                 1.2499,              0.0016238,              0.0016238,              0.0016238
                     59,                 1.6248,                 1.0674,                 1.4157,                0.98062,                0.73684,                0.87595,                0.55166,                  1.512,                0.95355,                 1.3538,              0.0016172,              0.0016172,              0.0016172
                     60,                 1.6593,                 1.0836,                 1.4126,                0.94092,                0.83849,                0.89987,                0.55677,                 1.4984,                 1.0239,                 1.3563,              0.0016106,              0.0016106,              0.0016106
                     61,                  1.631,                 1.0684,                 1.4519,                 0.9368,                0.78068,                0.88549,                0.53639,                 1.5346,                0.95383,                 1.3984,               0.001604,               0.001604,               0.001604
                     62,                 1.6297,                0.98126,                 1.4361,                0.98707,                0.73684,                0.82968,                0.54267,                 1.4952,                0.92153,                 1.3309,              0.0015974,              0.0015974,              0.0015974
                     63,                 1.6302,                 1.0153,                 1.4192,                0.92971,                0.84211,                 0.8474,                0.65051,                 1.1769,                0.82703,                 1.2792,              0.0015908,              0.0015908,              0.0015908
                     64,                 1.5324,                 1.0313,                 1.3779,                0.98037,                0.73684,                0.83509,                0.63155,                  1.201,                0.86231,                 1.2632,              0.0015842,              0.0015842,              0.0015842
                     65,                 1.6595,                0.98437,                 1.3934,                0.96405,                0.73684,                 0.8512,                0.62359,                 1.2117,                0.87815,                 1.2481,              0.0015776,              0.0015776,              0.0015776
                     66,                 1.5806,                0.98927,                 1.3852,                0.93722,                0.78599,                0.86444,                0.60445,                 1.2968,                0.91196,                 1.2748,               0.001571,               0.001571,               0.001571
                     67,                 1.6073,                 1.0536,                 1.4919,                      1,                0.78218,                0.87306,                0.47104,                 1.7925,                 1.0375,                 1.4289,              0.0015644,              0.0015644,              0.0015644
                     68,                 1.6211,                 1.0573,                 1.4047,                0.99942,                0.73684,                0.81056,                0.59189,                 1.1287,                0.93715,                  1.224,              0.0015578,              0.0015578,              0.0015578
                     69,                 1.6084,                 1.1233,                 1.4283,                 0.8321,                0.63158,                0.75216,                0.49739,                 1.4205,                  1.112,                 1.3343,              0.0015512,              0.0015512,              0.0015512
                     70,                 1.5858,                 1.0521,                 1.3952,                0.94697,                0.94012,                0.93698,                0.54385,                  1.477,                0.95595,                 1.3173,              0.0015446,              0.0015446,              0.0015446
                     71,                 1.5181,                 1.0386,                 1.3438,                      1,                0.88777,                  0.898,                0.63638,                 1.1315,                0.78833,                 1.2174,               0.001538,               0.001538,               0.001538
                     72,                 1.5367,                 1.0312,                 1.3639,                      1,                0.88578,                0.91036,                0.65502,                 1.2056,                0.79217,                 1.2158,              0.0015314,              0.0015314,              0.0015314
                     73,                 1.4967,                0.99074,                 1.3709,                0.92323,                0.05263,                0.06618,                0.02536,                 3.7006,                 4.0794,                  2.702,              0.0015248,              0.0015248,              0.0015248
                     74,                 1.6498,                 1.0167,                 1.4182,                0.83854,                0.10526,                0.11891,                0.06336,                 3.0906,                 3.7087,                 2.2405,              0.0015182,              0.0015182,              0.0015182
                     75,                 1.6109,                0.99445,                 1.4239,                0.99385,                0.78947,                0.91781,                 0.6562,                 1.1514,                0.74751,                  1.209,              0.0015116,              0.0015116,              0.0015116
                     76,                 1.5257,                0.95257,                 1.3537,                0.99617,                0.78947,                0.88606,                0.56444,                 1.3534,                0.84048,                 1.2965,               0.001505,               0.001505,               0.001505
                     77,                 1.5483,                 0.9571,                 1.3336,                0.89334,                0.88212,                0.88642,                0.62356,                 1.3132,                 0.7969,                 1.2818,              0.0014984,              0.0014984,              0.0014984
                     78,                   1.48,                 1.0164,                 1.3787,                0.89405,                0.88856,                0.88932,                0.64227,                 1.1354,                0.74554,                 1.2371,              0.0014918,              0.0014918,              0.0014918
                     79,                 1.5097,                0.96285,                 1.3757,                0.99091,                0.78947,                0.91266,                0.54637,                 1.3952,                0.81315,                 1.2852,              0.0014852,              0.0014852,              0.0014852
                     80,                 1.5203,                0.95788,                 1.3378,                0.99802,                0.84211,                0.92083,                0.67906,                 1.1004,                0.78849,                 1.1725,              0.0014786,              0.0014786,              0.0014786
                     81,                 1.5379,                0.98658,                 1.3677,                0.98492,                0.89474,                0.94113,                0.65807,                 1.1328,                0.76527,                 1.1871,               0.001472,               0.001472,               0.001472
                     82,                 1.4768,                 0.9539,                 1.3249,                      1,                0.93099,                0.94613,                0.65568,                 1.3283,                0.84809,                 1.2592,              0.0014654,              0.0014654,              0.0014654
                     83,                 1.4438,                0.93373,                 1.3089,                      1,                0.83392,                0.92974,                0.64602,                 1.0823,                0.74226,                 1.2095,              0.0014588,              0.0014588,              0.0014588
                     84,                 1.4392,                0.95566,                 1.3418,                 0.9989,                0.84211,                0.93631,                0.57901,                 1.3343,                0.78796,                  1.259,              0.0014522,              0.0014522,              0.0014522
                     85,                 1.4694,                0.93246,                 1.3035,                      1,                0.72507,                0.89046,                0.55367,                 1.3174,                0.84033,                 1.2767,              0.0014456,              0.0014456,              0.0014456
                     86,                 1.4846,                0.92993,                 1.3417,                 0.9871,                0.73684,                0.84947,                0.61836,                 1.1348,                0.71922,                 1.2382,               0.001439,               0.001439,               0.001439
                     87,                 1.4615,                0.89967,                 1.3065,                 0.9966,                0.84211,                0.86478,                 0.6319,                 1.0558,                0.70011,                 1.2052,              0.0014324,              0.0014324,              0.0014324
                     88,                 1.5307,                0.90175,                 1.3407,                0.99836,                0.78947,                0.84588,                0.60943,                 1.1941,                0.72917,                 1.2443,              0.0014258,              0.0014258,              0.0014258
                     89,                 1.5137,                0.92881,                 1.3285,                0.09172,                0.10526,                0.08457,                0.04363,                 3.3973,                 3.7784,                 2.4505,              0.0014192,              0.0014192,              0.0014192
                     90,                 1.4757,                0.89125,                 1.2698,                0.90141,                0.05263,                0.06626,                0.04873,                  3.296,                 4.0764,                  2.484,              0.0014126,              0.0014126,              0.0014126
                     91,                 1.4884,                0.97309,                 1.3827,                      1,                0.88345,                0.92872,                0.57101,                 1.3454,                0.75652,                 1.2671,               0.001406,               0.001406,               0.001406
                     92,                 1.4693,                0.89167,                 1.3153,                0.98382,                0.89474,                0.89953,                0.59223,                 1.2133,                0.71696,                 1.2439,              0.0013994,              0.0013994,              0.0013994
                     93,                 1.3898,                0.89964,                 1.2984,                  0.978,                0.84211,                0.87097,                  0.618,                 1.1341,                0.70351,                  1.216,              0.0013928,              0.0013928,              0.0013928
                     94,                 1.3876,                0.89419,                 1.3435,                0.99689,                0.89474,                0.91209,                0.54261,                 1.4401,                0.78946,                 1.2913,              0.0013862,              0.0013862,              0.0013862
                     95,                 1.4142,                0.91591,                 1.3211,                0.64737,                0.57895,                0.75021,                0.42331,                 1.5027,                 1.3774,                 1.3121,              0.0013796,              0.0013796,              0.0013796
                     96,                 1.4038,                0.92153,                 1.3236,                0.44763,                0.26316,                0.27837,                0.16232,                 2.2554,                 2.3546,                 1.7957,               0.001373,               0.001373,               0.001373
                     97,                 1.4193,                0.83546,                 1.2662,                 0.6226,                0.36842,                 0.3677,                0.24733,                 1.8422,                 2.0817,                 1.5655,              0.0013664,              0.0013664,              0.0013664
                     98,                 1.4583,                0.94242,                 1.3526,                 0.9711,                0.36842,                 0.4802,                 0.2778,                 1.7273,                  2.192,                 1.3916,              0.0013598,              0.0013598,              0.0013598
                     99,                 1.4026,                0.89596,                   1.29,                 0.9867,                0.89474,                0.90863,                0.66691,                 1.0434,                 0.6777,                 1.1843,              0.0013532,              0.0013532,              0.0013532
                    100,                 1.3886,                0.91248,                 1.2949,                0.99818,                0.89474,                0.90838,                0.64362,                 1.0417,                0.68725,                 1.1968,              0.0013466,              0.0013466,              0.0013466
                    101,                 1.3013,                0.84274,                 1.2335,                0.99423,                0.89474,                0.89958,                0.60508,                 1.1918,                0.71649,                 1.2115,                0.00134,                0.00134,                0.00134
                    102,                  1.352,                0.88376,                 1.2675,                0.88391,                0.84211,                0.86118,                0.65862,                 1.0666,                0.66844,                 1.2185,              0.0013334,              0.0013334,              0.0013334
                    103,                 1.4146,                0.90753,                 1.3144,                0.92463,                0.89474,                0.90371,                0.66666,                   1.14,                0.66073,                 1.2001,              0.0013268,              0.0013268,              0.0013268
                    104,                 1.4315,                 0.8856,                 1.2999,                0.94026,                0.82899,                0.89525,                0.67882,                 1.0422,                0.66019,                 1.1883,              0.0013202,              0.0013202,              0.0013202
                    105,                 1.3401,                 0.8371,                 1.2568,                0.88518,                0.84211,                0.87491,                0.68754,                 0.9523,                0.60892,                 1.1516,              0.0013136,              0.0013136,              0.0013136
                    106,                 1.3142,                0.88097,                 1.2918,                0.98457,                0.84211,                0.91573,                0.66656,                 1.1405,                0.67304,                 1.1716,               0.001307,               0.001307,               0.001307
                    107,                  1.326,                  0.858,                 1.2682,                      1,                0.83986,                0.92077,                0.68613,                 1.0258,                0.67294,                 1.1346,              0.0013004,              0.0013004,              0.0013004
                    108,                 1.3489,                0.85069,                 1.2635,                0.99877,                0.78947,                0.90462,                0.68308,                 1.0153,                  0.706,                 1.1361,              0.0012938,              0.0012938,              0.0012938
                    109,                 1.2886,                0.81717,                 1.2419,                0.62878,                0.57895,                0.68261,                0.44397,                 1.3416,                 1.2674,                 1.2548,              0.0012872,              0.0012872,              0.0012872
                    110,                 1.3715,                0.90254,                 1.2902,                0.83778,                0.54457,                0.66872,                0.40657,                 1.6098,                 1.4244,                 1.3534,              0.0012806,              0.0012806,              0.0012806
                    111,                 1.4205,                0.89853,                 1.3228,                0.95248,                0.78947,                0.85986,                 0.5965,                 1.2205,                0.81487,                 1.2297,               0.001274,               0.001274,               0.001274
                    112,                 1.3196,                0.84889,                 1.2697,                 0.9902,                0.89474,                0.89808,                0.67781,                 1.1582,                0.69457,                 1.1932,              0.0012674,              0.0012674,              0.0012674
                    113,                 1.3454,                0.86501,                 1.2882,                0.93611,                0.89474,                0.91418,                0.64439,                 1.1836,                 0.7041,                 1.1919,              0.0012608,              0.0012608,              0.0012608
                    114,                  1.388,                0.82717,                 1.2417,                0.94655,                0.93268,                0.93867,                0.65247,                0.97981,                0.73684,                 1.1023,              0.0012542,              0.0012542,              0.0012542
                    115,                 1.3392,                0.83911,                 1.2706,                 0.8461,                0.89474,                 0.8588,                0.47823,                 1.6576,                 1.4934,                 1.3141,              0.0012476,              0.0012476,              0.0012476
                    116,                 1.5869,                0.90293,                 1.4051,                0.82882,                0.89474,                0.90854,                 0.4667,                  1.809,                 1.1399,                 1.3572,               0.001241,               0.001241,               0.001241
                    117,                 1.5294,                0.90644,                 1.3092,                0.94097,                0.83911,                0.86758,                0.65788,                0.95863,                0.65331,                 1.1426,              0.0012344,              0.0012344,              0.0012344
                    118,                 1.3499,                0.88856,                  1.299,                0.93672,                0.84211,                0.86974,                0.58019,                 1.1722,                 0.7204,                 1.1885,              0.0012278,              0.0012278,              0.0012278
                    119,                 1.4494,                0.92549,                 1.3121,                      1,                0.92812,                0.94649,                0.66358,                 1.0275,                0.69544,                 1.1146,              0.0012212,              0.0012212,              0.0012212
                    120,                 1.2925,                0.83585,                 1.2254,                 0.9444,                0.89394,                0.93775,                0.61107,                 1.3795,                0.78603,                 1.1781,              0.0012146,              0.0012146,              0.0012146
                    121,                 1.4024,                0.83067,                 1.2673,                 0.8976,                0.92334,                 0.9381,                0.74776,                0.88122,                0.80075,                 1.0648,               0.001208,               0.001208,               0.001208
                    122,                 1.3452,                0.84607,                  1.295,                0.85053,                0.89474,                 0.9217,                0.63228,                 1.1724,                0.98547,                 1.1295,              0.0012014,              0.0012014,              0.0012014
                    123,                 1.2879,                0.81565,                 1.2365,                 0.8817,                0.78479,                0.80896,                0.46695,                 1.5645,                 1.0404,                 1.2839,              0.0011948,              0.0011948,              0.0011948
                    124,                 1.3884,                 0.8678,                 1.2895,                0.93385,                0.89474,                0.92655,                0.65034,                 1.0627,                 0.8473,                 1.1396,              0.0011882,              0.0011882,              0.0011882
                    125,                 1.3183,                0.85793,                 1.2532,                      1,                0.94418,                0.94646,                0.65485,                 1.0672,                0.66187,                 1.1275,              0.0011816,              0.0011816,              0.0011816
                    126,                 1.2824,                0.79577,                 1.2087,                0.98791,                0.89474,                0.91898,                0.63138,                 1.0578,                0.68638,                 1.1179,               0.001175,               0.001175,               0.001175
                    127,                 1.3222,                0.83098,                 1.2807,                0.99231,                0.84211,                0.87846,                0.61172,                 1.1281,                0.70933,                 1.1724,              0.0011684,              0.0011684,              0.0011684
                    128,                 1.3683,                0.83155,                 1.2786,                0.98555,                0.84211,                0.89123,                0.61059,                 1.2062,                0.69802,                 1.2094,              0.0011618,              0.0011618,              0.0011618
                    129,                 1.2966,                0.84685,                 1.2496,                 0.8946,                0.89353,                0.92716,                0.67728,                0.96788,                0.67912,                 1.1135,              0.0011552,              0.0011552,              0.0011552
                    130,                 1.2529,                 0.7997,                 1.2326,                0.82939,                0.89474,                0.91699,                0.68932,                 1.0131,                0.76689,                 1.1247,              0.0011486,              0.0011486,              0.0011486
                    131,                 1.3021,                0.79855,                 1.2345,                0.89776,                  0.925,                0.93616,                0.69951,                  1.029,                0.66105,                 1.1243,               0.001142,               0.001142,               0.001142
                    132,                 1.1987,                0.74607,                  1.201,                      1,                0.83434,                0.90699,                0.67572,                0.93634,                0.63426,                 1.1361,              0.0011354,              0.0011354,              0.0011354
                    133,                 1.3316,                0.82603,                 1.2984,                0.89327,                0.88151,                0.90305,                0.67971,                0.98993,                0.67209,                  1.118,              0.0011288,              0.0011288,              0.0011288
                    134,                 1.2696,                0.76809,                 1.2008,                0.93537,                0.89474,                0.91905,                0.63667,                  1.213,                0.71925,                 1.1671,              0.0011222,              0.0011222,              0.0011222
                    135,                 1.3423,                0.80971,                 1.2779,                0.89793,                0.92666,                0.91797,                0.67322,                 1.0805,                0.72416,                 1.1225,              0.0011156,              0.0011156,              0.0011156
                    136,                 1.3578,                0.80751,                 1.2351,                0.85705,                0.94666,                0.91096,                0.62866,                 1.1941,                0.76292,                 1.1567,               0.001109,               0.001109,               0.001109
                    137,                 1.3703,                0.79911,                 1.2626,                0.99053,                0.89474,                0.94357,                0.60914,                 1.2482,                0.71181,                 1.1826,              0.0011024,              0.0011024,              0.0011024
                    138,                  1.346,                0.79744,                 1.2582,                0.99825,                0.89474,                0.90396,                0.64865,                 1.1086,                0.67383,                 1.1734,              0.0010958,              0.0010958,              0.0010958
                    139,                 1.2855,                0.79384,                 1.1845,                0.99003,                0.89474,                0.90134,                0.63952,                0.96946,                0.64806,                 1.1287,              0.0010892,              0.0010892,              0.0010892
                    140,                 1.3354,                0.84979,                 1.2595,                0.99129,                0.89474,                0.90062,                0.66518,                0.95705,                0.62421,                 1.0941,              0.0010826,              0.0010826,              0.0010826
                    141,                  1.277,                0.79449,                 1.2224,                0.98292,                0.89474,                0.92165,                0.61449,                 1.1864,                0.71978,                 1.1524,               0.001076,               0.001076,               0.001076
                    142,                  1.261,                0.80804,                 1.2459,                0.98497,                0.89474,                0.92571,                0.68691,                  1.018,                0.70487,                 1.1035,              0.0010694,              0.0010694,              0.0010694
                    143,                 1.2592,                0.78471,                 1.2302,                0.94687,                0.93847,                0.93796,                0.68651,                 1.0186,                0.68055,                 1.1058,              0.0010628,              0.0010628,              0.0010628
                    144,                 1.3229,                0.77948,                 1.2632,                0.84292,                0.94737,                0.92031,                0.57252,                 1.3061,                0.72856,                 1.1953,              0.0010562,              0.0010562,              0.0010562
                    145,                 1.2596,                0.75696,                 1.2164,                0.99896,                0.94737,                0.94702,                0.70354,                 0.9095,                0.58405,                 1.0664,              0.0010496,              0.0010496,              0.0010496
                    146,                 1.3261,                0.79455,                 1.2351,                0.94702,                0.94114,                0.94465,                 0.7191,                 0.9316,                0.61458,                 1.0928,               0.001043,               0.001043,               0.001043
                    147,                 1.2809,                0.81734,                 1.2424,                0.93797,                0.89474,                0.93058,                0.70173,                0.93116,                0.65956,                 1.0711,              0.0010364,              0.0010364,              0.0010364
                    148,                 1.2933,                0.78508,                  1.245,                0.89816,                0.92895,                0.93691,                  0.702,                0.94439,                0.63943,                 1.0735,              0.0010298,              0.0010298,              0.0010298
                    149,                 1.3311,                0.76781,                 1.2373,                 0.9921,                0.89474,                0.92993,                0.70404,                0.92924,                0.61655,                 1.0865,              0.0010232,              0.0010232,              0.0010232
                    150,                 1.2497,                 0.7842,                 1.2419,                0.94663,                0.93415,                0.93561,                0.67367,                0.97482,                0.62822,                 1.0776,              0.0010166,              0.0010166,              0.0010166
                    151,                 1.2532,                0.75658,                 1.2463,                 0.9862,                0.89474,                0.93479,                0.67524,                 1.0057,                0.63397,                 1.1045,                0.00101,                0.00101,                0.00101
                    152,                 1.2274,                0.77618,                 1.2101,                0.97989,                0.89474,                0.93751,                0.71263,                0.95064,                 0.6777,                 1.0793,              0.0010034,              0.0010034,              0.0010034
                    153,                 1.1979,                0.77924,                 1.1753,                  0.985,                0.52632,                0.69617,                0.45742,                 1.3001,                  1.227,                 1.2651,              0.0009968,              0.0009968,              0.0009968
                    154,                 1.2338,                0.73729,                 1.1867,                0.88135,                0.47368,                0.57631,                0.37559,                 1.4316,                 1.4216,                 1.3502,              0.0009902,              0.0009902,              0.0009902
                    155,                  1.259,                0.84637,                 1.2389,                0.99021,                0.89474,                0.93541,                0.68248,                0.95372,                0.62828,                 1.0852,              0.0009836,              0.0009836,              0.0009836
                    156,                 1.2962,                0.83921,                 1.2448,                0.99457,                0.89474,                0.90789,                0.69574,                0.90832,                0.63052,                  1.103,               0.000977,               0.000977,               0.000977
                    157,                 1.2114,                0.77747,                 1.2092,                0.98879,                0.89474,                0.90183,                0.68033,                0.90178,                0.59044,                 1.1032,              0.0009704,              0.0009704,              0.0009704
                    158,                 1.1454,                0.79571,                 1.1894,                0.99121,                0.89474,                0.90922,                0.69225,                0.86405,                0.63191,                 1.0777,              0.0009638,              0.0009638,              0.0009638
                    159,                 1.2251,                0.77533,                 1.1936,                0.99428,                0.89474,                0.91241,                0.65071,                  1.064,                 0.6783,                 1.1059,              0.0009572,              0.0009572,              0.0009572
                    160,                 1.2623,                0.77221,                 1.2034,                0.98893,                0.89474,                0.91179,                0.68952,                0.92744,                0.62666,                 1.0812,              0.0009506,              0.0009506,              0.0009506
                    161,                 1.2531,                0.77623,                  1.213,                0.98871,                0.89474,                0.94013,                0.69762,                0.94991,                0.62088,                 1.0701,               0.000944,               0.000944,               0.000944
                    162,                 1.2249,                0.79354,                 1.2003,                      1,                0.94099,                0.94683,                0.71081,                0.89479,                0.58254,                 1.0551,              0.0009374,              0.0009374,              0.0009374
                    163,                 1.2524,                0.74759,                 1.1883,                0.93488,                0.94737,                0.94115,                0.71494,                0.91456,                 0.5972,                 1.0444,              0.0009308,              0.0009308,              0.0009308
                    164,                 1.2119,                0.72598,                 1.1703,                0.86899,                0.84211,                0.89425,                0.59166,                 1.1869,                0.75011,                 1.1378,              0.0009242,              0.0009242,              0.0009242
                    165,                 1.2252,                0.78134,                 1.1993,                      1,                0.89404,                0.94562,                0.73244,                0.85721,                0.58218,                 1.0447,              0.0009176,              0.0009176,              0.0009176
                    166,                 1.2312,                0.75669,                  1.191,                0.99415,                0.89474,                0.93027,                0.70697,                0.92313,                0.57093,                 1.0964,               0.000911,               0.000911,               0.000911
                    167,                 1.2213,                0.77924,                 1.2398,                      1,                0.88569,                0.94282,                0.71533,                0.89022,                0.59279,                 1.0411,              0.0009044,              0.0009044,              0.0009044
                    168,                 1.1818,                0.73821,                  1.148,                0.85204,                0.94737,                0.91115,                0.70885,                0.85937,                0.63004,                 1.0085,              0.0008978,              0.0008978,              0.0008978
                    169,                 1.1999,                0.77177,                 1.1818,                0.84983,                0.94737,                0.90833,                0.70642,                0.82259,                0.66313,                 1.0166,              0.0008912,              0.0008912,              0.0008912
                    170,                  1.298,                0.79667,                 1.2189,                0.85048,                0.94737,                0.89402,                0.63444,                 1.0263,                  0.712,                 1.0751,              0.0008846,              0.0008846,              0.0008846
                    171,                 1.1695,                0.75043,                 1.1695,                0.99042,                0.89474,                0.92714,                0.67336,                 1.0383,                0.62831,                 1.0908,               0.000878,               0.000878,               0.000878
